{
    "name": "root",
    "gauges": {
        "ParallelPark.Policy.Entropy.mean": {
            "value": 1.589327335357666,
            "min": 1.589327335357666,
            "max": 1.9136689901351929,
            "count": 80
        },
        "ParallelPark.Policy.Entropy.sum": {
            "value": 40694.7265625,
            "min": 38218.94921875,
            "max": 50845.08984375,
            "count": 80
        },
        "ParallelPark.Environment.EpisodeLength.mean": {
            "value": 267.0612244897959,
            "min": 220.97321428571428,
            "max": 345.041095890411,
            "count": 80
        },
        "ParallelPark.Environment.EpisodeLength.sum": {
            "value": 26172.0,
            "min": 22159.0,
            "max": 27827.0,
            "count": 80
        },
        "ParallelPark.Step.mean": {
            "value": 3999904.0,
            "min": 2024862.0,
            "max": 3999904.0,
            "count": 80
        },
        "ParallelPark.Step.sum": {
            "value": 3999904.0,
            "min": 2024862.0,
            "max": 3999904.0,
            "count": 80
        },
        "ParallelPark.Policy.ExtrinsicValueEstimate.mean": {
            "value": 9.439022064208984,
            "min": 7.150818824768066,
            "max": 10.34140396118164,
            "count": 80
        },
        "ParallelPark.Policy.ExtrinsicValueEstimate.sum": {
            "value": 1349.7801513671875,
            "min": 951.8671875,
            "max": 1530.52783203125,
            "count": 80
        },
        "ParallelPark.Environment.CumulativeReward.mean": {
            "value": 25.23961082373544,
            "min": 21.4759529006242,
            "max": 29.80873915914218,
            "count": 80
        },
        "ParallelPark.Environment.CumulativeReward.sum": {
            "value": 2448.242249902338,
            "min": 1739.5521849505603,
            "max": 3303.219558145851,
            "count": 80
        },
        "ParallelPark.Policy.ExtrinsicReward.mean": {
            "value": 25.23961082373544,
            "min": 21.4759529006242,
            "max": 29.80873915914218,
            "count": 80
        },
        "ParallelPark.Policy.ExtrinsicReward.sum": {
            "value": 2448.242249902338,
            "min": 1739.5521849505603,
            "max": 3303.219558145851,
            "count": 80
        },
        "ParallelPark.Losses.PolicyLoss.mean": {
            "value": 0.13384359461488202,
            "min": 0.09959047309766035,
            "max": 0.15182377075211012,
            "count": 80
        },
        "ParallelPark.Losses.PolicyLoss.sum": {
            "value": 0.401530783844646,
            "min": 0.20376286202143612,
            "max": 0.4400482384188633,
            "count": 80
        },
        "ParallelPark.Losses.ValueLoss.mean": {
            "value": 4.838887373322533,
            "min": 0.9002574263584046,
            "max": 5.648972656684262,
            "count": 80
        },
        "ParallelPark.Losses.ValueLoss.sum": {
            "value": 14.516662119967597,
            "min": 2.151951679800238,
            "max": 14.516662119967597,
            "count": 80
        },
        "ParallelPark.Policy.LearningRate.mean": {
            "value": 1.7534205635916474e-06,
            "min": 1.7534205635916474e-06,
            "max": 0.0003227149753515499,
            "count": 80
        },
        "ParallelPark.Policy.LearningRate.sum": {
            "value": 5.260261690774942e-06,
            "min": 5.260261690774942e-06,
            "max": 0.0009564777528495998,
            "count": 80
        },
        "ParallelPark.Policy.Epsilon.mean": {
            "value": 0.10026974166666669,
            "min": 0.10026974166666669,
            "max": 0.14964845000000002,
            "count": 80
        },
        "ParallelPark.Policy.Epsilon.sum": {
            "value": 0.30080922500000007,
            "min": 0.20307959999999997,
            "max": 0.44715040000000006,
            "count": 80
        },
        "ParallelPark.Policy.Beta.mean": {
            "value": 2.346010916666653e-05,
            "min": 2.346010916666653e-05,
            "max": 0.002487457655000001,
            "count": 80
        },
        "ParallelPark.Policy.Beta.sum": {
            "value": 7.038032749999959e-05,
            "min": 7.038032749999959e-05,
            "max": 0.0073728049600000015,
            "count": 80
        },
        "ParallelPark.IsTraining.mean": {
            "value": 1.0,
            "min": 1.0,
            "max": 1.0,
            "count": 80
        },
        "ParallelPark.IsTraining.sum": {
            "value": 1.0,
            "min": 1.0,
            "max": 1.0,
            "count": 80
        }
    },
    "metadata": {
        "timer_format_version": "0.1.0",
        "start_time_seconds": "1684264521",
        "python_version": "3.9.16 (main, Mar  8 2023, 10:39:24) [MSC v.1916 64 bit (AMD64)]",
        "command_line_arguments": "C:\\Users\\iancz\\.conda\\envs\\unity\\Scripts\\mlagents-learn phase8.yaml --run-id=phase8_1 --time-scale=3 --resume",
        "mlagents_version": "0.30.0",
        "mlagents_envs_version": "0.30.0",
        "communication_protocol_version": "1.5.0",
        "pytorch_version": "2.0.1",
        "numpy_version": "1.21.2",
        "end_time_seconds": "1684271068"
    },
    "total": 6546.6109809,
    "count": 1,
    "self": 0.01993769999990036,
    "children": {
        "run_training.setup": {
            "total": 0.0731579,
            "count": 1,
            "self": 0.0731579
        },
        "TrainerController.start_learning": {
            "total": 6546.5178853,
            "count": 1,
            "self": 3.494785300113108,
            "children": {
                "TrainerController._reset_env": {
                    "total": 55.4742594,
                    "count": 1,
                    "self": 55.4742594
                },
                "TrainerController.advance": {
                    "total": 6487.247073999887,
                    "count": 139246,
                    "self": 1.7665555997291449,
                    "children": {
                        "env_step": {
                            "total": 6485.480518400158,
                            "count": 139246,
                            "self": 5104.397948599967,
                            "children": {
                                "SubprocessEnvManager._take_step": {
                                    "total": 1379.087253299976,
                                    "count": 139246,
                                    "self": 13.83279010000183,
                                    "children": {
                                        "TorchPolicy.evaluate": {
                                            "total": 1365.2544631999742,
                                            "count": 133463,
                                            "self": 1365.2544631999742
                                        }
                                    }
                                },
                                "workers": {
                                    "total": 1.9953165002151323,
                                    "count": 139246,
                                    "self": 0.0,
                                    "children": {
                                        "worker_root": {
                                            "total": 6487.882215900046,
                                            "count": 139246,
                                            "is_parallel": true,
                                            "self": 1768.7315990998795,
                                            "children": {
                                                "steps_from_proto": {
                                                    "total": 0.00359080000000489,
                                                    "count": 1,
                                                    "is_parallel": true,