{
    "name": "root",
    "gauges": {
        "ParallelPark.Policy.Entropy.mean": {
            "value": 1.4028812646865845,
            "min": 1.3930200338363647,
            "max": 1.6160863637924194,
            "count": 80
        },
        "ParallelPark.Policy.Entropy.sum": {
            "value": 35436.78125,
            "min": 32780.203125,
            "max": 42107.12890625,
            "count": 80
        },
        "ParallelPark.Environment.EpisodeLength.mean": {
            "value": 226.49122807017545,
            "min": 199.92436974789916,
            "max": 271.8541666666667,
            "count": 80
        },
        "ParallelPark.Environment.EpisodeLength.sum": {
            "value": 25820.0,
            "min": 22202.0,
            "max": 27395.0,
            "count": 80
        },
        "ParallelPark.Step.mean": {
            "value": 5999931.0,
            "min": 4024768.0,
            "max": 5999931.0,
            "count": 80
        },
        "ParallelPark.Step.sum": {
            "value": 5999931.0,
            "min": 4024768.0,
            "max": 5999931.0,
            "count": 80
        },
        "ParallelPark.Policy.ExtrinsicValueEstimate.mean": {
            "value": 10.403884887695312,
            "min": 8.751358985900879,
            "max": 11.46689224243164,
            "count": 80
        },
        "ParallelPark.Policy.ExtrinsicValueEstimate.sum": {
            "value": 1466.94775390625,
            "min": 1233.941650390625,
            "max": 1751.5205078125,
            "count": 80
        },
        "ParallelPark.Environment.CumulativeReward.mean": {
            "value": 29.381528844249196,
            "min": 25.62426872570448,
            "max": 30.65662316352777,
            "count": 80
        },
        "ParallelPark.Environment.CumulativeReward.sum": {
            "value": 3320.112759400159,
            "min": 2435.562703959644,
            "max": 3730.9480829685926,
            "count": 80
        },
        "ParallelPark.Policy.ExtrinsicReward.mean": {
            "value": 29.381528844249196,
            "min": 25.62426872570448,
            "max": 30.65662316352777,
            "count": 80
        },
        "ParallelPark.Policy.ExtrinsicReward.sum": {
            "value": 3320.112759400159,
            "min": 2435.562703959644,
            "max": 3730.9480829685926,
            "count": 80
        },
        "ParallelPark.Losses.PolicyLoss.mean": {
            "value": 0.11442429919871279,
            "min": 0.09884006894052227,
            "max": 0.13369012577902703,
            "count": 80
        },
        "ParallelPark.Losses.PolicyLoss.sum": {
            "value": 0.3432728975961384,
            "min": 0.19768013788104455,
            "max": 0.4010703773370811,
            "count": 80
        },
        "ParallelPark.Losses.ValueLoss.mean": {
            "value": 1.5098761663550422,
            "min": 0.8164984813758306,
            "max": 3.9724091104808306,
            "count": 80
        },
        "ParallelPark.Losses.ValueLoss.sum": {
            "value": 4.529628499065127,
            "min": 1.6572594680956432,
            "max": 11.917227331442492,
            "count": 80
        },
        "ParallelPark.Policy.LearningRate.mean": {
            "value": 1.42081922587221e-06,
            "min": 1.42081922587221e-06,
            "max": 0.0002151490377334916,
            "count": 80
        },
        "ParallelPark.Policy.LearningRate.sum": {
            "value": 4.26245767761663e-06,
            "min": 4.26245767761663e-06,
            "max": 0.0006380039101789164,
            "count": 80
        },
        "ParallelPark.Policy.Epsilon.mean": {
            "value": 0.10021857222222223,
            "min": 0.10021857222222223,
            "max": 0.13309984166666666,
            "count": 80
        },
        "ParallelPark.Policy.Epsilon.sum": {
            "value": 0.3006557166666667,
            "min": 0.2020984166666667,
            "max": 0.3981544166666666,
            "count": 80
        },
        "ParallelPark.Policy.Beta.mean": {
            "value": 2.0906753888888805e-05,
            "min": 2.0906753888888805e-05,
            "max": 0.0016616820991666665,
            "count": 80
        },
        "ParallelPark.Policy.Beta.sum": {
            "value": 6.272026166666641e-05,
            "min": 6.272026166666641e-05,
            "max": 0.004927905391666668,
            "count": 80
        },
        "ParallelPark.IsTraining.mean": {
            "value": 1.0,
            "min": 1.0,
            "max": 1.0,
            "count": 80
        },
        "ParallelPark.IsTraining.sum": {
            "value": 1.0,
            "min": 1.0,
            "max": 1.0,
            "count": 80
        }
    },
    "metadata": {
        "timer_format_version": "0.1.0",
        "start_time_seconds": "1684273173",
        "python_version": "3.9.16 (main, Mar  8 2023, 10:39:24) [MSC v.1916 64 bit (AMD64)]",
        "command_line_arguments": "C:\\Users\\iancz\\.conda\\envs\\unity\\Scripts\\mlagents-learn phase8.yaml --run-id=phase8_1 --time-scale=3 --resume",
        "mlagents_version": "0.30.0",
        "mlagents_envs_version": "0.30.0",
        "communication_protocol_version": "1.5.0",
        "pytorch_version": "2.0.1",
        "numpy_version": "1.21.2",
        "end_time_seconds": "1684279495"
    },
    "total": 6321.9692382,
    "count": 1,
    "self": 0.026592600000185485,
    "children": {
        "run_training.setup": {
            "total": 0.07731790000000016,
            "count": 1,
            "self": 0.07731790000000016
        },
        "TrainerController.start_learning": {
            "total": 6321.8653277,
            "count": 1,
            "self": 3.438652900179477,
            "children": {
                "TrainerController._reset_env": {
                    "total": 29.302218200000002,
                    "count": 1,
                    "self": 29.302218200000002
                },
                "TrainerController.advance": {
                    "total": 6288.82493699982,
                    "count": 140379,
                    "self": 1.5939839997445233,
                    "children": {
                        "env_step": {
                            "total": 6287.230953000076,
                            "count": 140379,
                            "self": 4955.68999260014,
                            "children": {
                                "SubprocessEnvManager._take_step": {
                                    "total": 1329.577638699951,
                                    "count": 140379,
                                    "self": 12.929198899933454,
                                    "children": {
                                        "TorchPolicy.evaluate": {
                                            "total": 1316.6484398000175,
                                            "count": 133455,
                                            "self": 1316.6484398000175
                                        }
                                    }
                                },
                                "workers": {
                                    "total": 1.963321699984789,
                                    "count": 140379,
                                    "self": 0.0,
                                    "children": {
                                        "worker_root": {
                                            "total": 6290.89823920014,
                                            "count": 140379,
                                            "is_parallel": true,
                                            "self": 1721.4604381001618,
                                            "children": {
                                                "steps_from_proto": {
                                                    "total": 0.002526700000000659,
                                                    "count": 1,