{"count":1,"self":3269.2215807999996,"total":7006.4735057,"children":{"InitializeActuators":{"count":16,"self":0.0020028,"total":0.0020028,"children":null},"InitializeSensors":{"count":16,"self":0.0045075,"total":0.0045075,"children":null},"AgentInfo.ToProto":{"count":5383,"self":0.0346499,"total":0.4769077,"children":{"GenerateSensorData":{"count":5383,"self":0.38667039999999997,"total":0.4422578,"children":{"RayPerceptionSensor.Perceive":{"count":80745,"self":0.055587399999999995,"total":0.055587399999999995,"children":null}}}}},"AgentSendState":{"count":667391,"self":221.7140992,"total":370.36940069999997,"children":{"CollectObservations":{"count":2002185,"self":5.4651336,"total":5.4651334999999994,"children":null},"WriteActionMask":{"count":2002185,"self":0.79541869999999992,"total":0.79541869999999992,"children":null},"RequestDecision":{"count":2002185,"self":7.6508816,"total":142.39475769999999,"children":{"AgentInfo.ToProto":{"count":2002185,"self":3.673602,"total":134.7438762,"children":{"GenerateSensorData":{"count":2002185,"self":113.3893504,"total":131.0702743,"children":{"RayPerceptionSensor.Perceive":{"count":30032775,"self":17.68092,"total":17.6809196,"children":null}}}}}}}}},"DecideAction":{"count":667391,"self":3355.7880832,"total":3355.788133,"children":null},"AgentAct":{"count":667391,"self":10.6095392,"total":10.609539,"children":null}},"gauges":{"ParallelPark.CumulativeReward":{"count":5382,"max":23.4692059,"min":-117.216805,"runningAverage":14.49995,"value":21.6732464,"weightedAverage":20.6776733}},"metadata":{"timer_format_version":"0.1.0","start_time_seconds":"1684249424","unity_version":"2021.3.24f1","command_line_arguments":"X:\\Applications\\UnityEditor\\2021.3.24f1\\Editor\\Unity.exe -projectpath K:\\School Documents\\Nottingham\\Spring-2023\\DIA\\Coursework\\unity-dia-project -useHub -hubIPC -cloudEnvironment production","communication_protocol_version":"1.5.0","com.unity.ml-agents_version":"2.3.0-exp.3","scene_name":"MediumCarPhase6","end_time_seconds":"1684256430"}}