{"count":1,"self":1381.346816,"total":7677.4188822999995,"children":{"InitializeActuators":{"count":10,"self":0.00099779999999999986,"total":0.00099779999999999986,"children":null},"InitializeSensors":{"count":10,"self":0.0045157999999999995,"total":0.0045157999999999995,"children":null},"AgentSendState":{"count":1001101,"self":205.80437759999998,"total":352.3939239,"children":{"CollectObservations":{"count":2002210,"self":4.858454,"total":4.8584540999999994,"children":null},"WriteActionMask":{"count":2002210,"self":0.6970275,"total":0.6970275,"children":null},"RequestDecision":{"count":2002210,"self":7.3023872,"total":141.0340606,"children":{"AgentInfo.ToProto":{"count":2002210,"self":3.9263656,"total":133.73167329999998,"children":{"GenerateSensorData":{"count":2002210,"self":113.43278079999999,"total":129.80530779999998,"children":{"RayPerceptionSensor.Perceive":{"count":30033150,"self":16.3725232,"total":16.3725234,"children":null}}}}}}}}},"DecideAction":{"count":1001101,"self":5935.632384,"total":5935.6323735,"children":null},"AgentAct":{"count":1001101,"self":7.4030784,"total":7.403078,"children":null},"AgentInfo.ToProto":{"count":7660,"self":0.0476284,"total":0.63666,"children":{"GenerateSensorData":{"count":7660,"self":0.52275339999999992,"total":0.5890316,"children":{"RayPerceptionSensor.Perceive":{"count":114900,"self":0.0662782,"total":0.0662782,"children":null}}}}}},"gauges":{"ParallelPark.CumulativeReward":{"count":7660,"max":20.11017,"min":-128.4974,"runningAverage":15.5062618,"value":19.86643,"weightedAverage":19.2183266}},"metadata":{"timer_format_version":"0.1.0","start_time_seconds":"1684170037","unity_version":"2021.3.24f1","command_line_arguments":"X:\\Applications\\UnityEditor\\2021.3.24f1\\Editor\\Unity.exe -projectpath K:\\School Documents\\Nottingham\\Spring-2023\\DIA\\Coursework\\unity-dia-project -useHub -hubIPC -cloudEnvironment production","communication_protocol_version":"1.5.0","com.unity.ml-agents_version":"2.3.0-exp.3","scene_name":"MediumCar","end_time_seconds":"1684177715"}}