{"count":1,"self":1056.1871872,"total":2640.7878387,"children":{"InitializeActuators":{"count":16,"self":0.0025127,"total":0.0025127,"children":null},"InitializeSensors":{"count":16,"self":0.0050558,"total":0.0050558,"children":null},"AgentInfo.ToProto":{"count":1475,"self":0.0090522,"total":0.1290673,"children":{"GenerateSensorData":{"count":1475,"self":0.1049379,"total":0.1200151,"children":{"RayPerceptionSensor.Perceive":{"count":22125,"self":0.015077199999999999,"total":0.015077199999999999,"children":null}}}}},"AgentSendState":{"count":215426,"self":72.67001599999999,"total":120.00955979999999,"children":{"CollectObservations":{"count":646290,"self":1.6282318,"total":1.6282318,"children":null},"WriteActionMask":{"count":646290,"self":0.29086639999999997,"total":0.29086639999999997,"children":null},"RequestDecision":{"count":646290,"self":2.4404608,"total":45.4204468,"children":{"AgentInfo.ToProto":{"count":646290,"self":1.2064272999999999,"total":42.979986,"children":{"GenerateSensorData":{"count":646290,"self":36.2088128,"total":41.773558699999995,"children":{"RayPerceptionSensor.Perceive":{"count":9694350,"self":5.5647448,"total":5.5647449,"children":null}}}}}}}}},"DecideAction":{"count":215426,"self":1461.0620416,"total":1461.0620301,"children":null},"AgentAct":{"count":215426,"self":3.3923864,"total":3.3923866,"children":null}},"gauges":{"ParallelPark.CumulativeReward":{"count":1474,"max":23.6060524,"min":-116.657936,"runningAverage":6.29900551,"value":23.2369423,"weightedAverage":19.0287628}},"metadata":{"timer_format_version":"0.1.0","start_time_seconds":"1684236211","unity_version":"2021.3.24f1","command_line_arguments":"X:\\Applications\\UnityEditor\\2021.3.24f1\\Editor\\Unity.exe -projectpath K:\\School Documents\\Nottingham\\Spring-2023\\DIA\\Coursework\\unity-dia-project -useHub -hubIPC -cloudEnvironment production","communication_protocol_version":"1.5.0","com.unity.ml-agents_version":"2.3.0-exp.3","scene_name":"MediumCarPhase5","end_time_seconds":"1684238851"}}