{"count":1,"self":192.43413759999999,"total":203.2040644,"children":{"InitializeActuators":{"count":1,"self":0.0010042999999999999,"total":0.0010042999999999999,"children":null},"InitializeSensors":{"count":1,"self":0.0025131999999999997,"total":0.0025131999999999997,"children":null},"AgentSendState":{"count":9916,"self":0.55218159999999994,"total":0.6704102,"children":{"CollectObservations":{"count":9916,"self":0.0120658,"total":0.0120658,"children":null},"WriteActionMask":{"count":9916,"self":0.0099562,"total":0.0099562,"children":null},"RequestDecision":{"count":9916,"self":0.096206599999999989,"total":0.096206599999999989,"children":null}}},"DecideAction":{"count":9916,"self":10.044097599999999,"total":10.0813984,"children":{"RayPerceptionSensor.Perceive":{"count":9916,"self":0.0373011,"total":0.0373011,"children":null}}},"AgentAct":{"count":9916,"self":0.013591299999999999,"total":0.013591299999999999,"children":null}},"gauges":{"ParallelPark.CumulativeReward":{"count":1,"max":-7.201758,"min":-7.201758,"runningAverage":-7.201758,"value":-7.201758,"weightedAverage":-7.201758}},"metadata":{"timer_format_version":"0.1.0","start_time_seconds":"1684110306","unity_version":"2021.3.24f1","command_line_arguments":"X:\\Applications\\UnityEditor\\2021.3.24f1\\Editor\\Unity.exe -projectpath K:\\School Documents\\Nottingham\\Spring-2023\\DIA\\Coursework\\unity-dia-project -useHub -hubIPC -cloudEnvironment production","communication_protocol_version":"1.5.0","com.unity.ml-agents_version":"2.3.0-exp.3","scene_name":"SimpleCar","end_time_seconds":"1684110509"}}