{
    "name": "root",
    "gauges": {
        "ParallelPark.Policy.Entropy.mean": {
            "value": 1.7425059080123901,
            "min": 1.5697296857833862,
            "max": 2.3987131118774414,
            "count": 221
        },
        "ParallelPark.Policy.Entropy.sum": {
            "value": 35721.37109375,
            "min": 32003.97265625,
            "max": 49077.671875,
            "count": 221
        },
        "ParallelPark.Step.mean": {
            "value": 5439936.0,
            "min": 1039936.0,
            "max": 5439936.0,
            "count": 221
        },
        "ParallelPark.Step.sum": {
            "value": 5439936.0,
            "min": 1039936.0,
            "max": 5439936.0,
            "count": 221
        },
        "ParallelPark.Policy.ExtrinsicValueEstimate.mean": {
            "value": -0.4982032775878906,
            "min": -1.3582947254180908,
            "max": 0.04762236401438713,
            "count": 221
        },
        "ParallelPark.Policy.ExtrinsicValueEstimate.sum": {
            "value": -9.964065551757812,
            "min": -25.807600021362305,
            "max": 1.0000696182250977,
            "count": 221
        },
        "ParallelPark.Policy.CuriosityValueEstimate.mean": {
            "value": 7.512274742126465,
            "min": 0.4107954800128937,
            "max": 10.574387550354004,
            "count": 221
        },
        "ParallelPark.Policy.CuriosityValueEstimate.sum": {
            "value": 150.24549865722656,
            "min": 8.483003616333008,
            "max": 211.4877471923828,
            "count": 221
        },
        "ParallelPark.IsTraining.mean": {
            "value": 1.0,
            "min": 1.0,
            "max": 1.0,
            "count": 221
        },
        "ParallelPark.IsTraining.sum": {
            "value": 1.0,
            "min": 1.0,
            "max": 1.0,
            "count": 221
        },
        "ParallelPark.Losses.PolicyLoss.mean": {
            "value": 0.016561721533902788,
            "min": 0.013732009147740124,
            "max": 0.020218431592608492,
            "count": 147
        },
        "ParallelPark.Losses.PolicyLoss.sum": {
            "value": 0.016561721533902788,
            "min": 0.013732009147740124,
            "max": 0.020218431592608492,
            "count": 147
        },
        "ParallelPark.Losses.ValueLoss.mean": {
            "value": 0.09988902961569172,
            "min": 0.0014786768355406822,
            "max": 0.7457929743187768,
            "count": 147
        },
        "ParallelPark.Losses.ValueLoss.sum": {
            "value": 0.09988902961569172,
            "min": 0.0014786768355406822,
            "max": 0.7457929743187768,
            "count": 147
        },
        "ParallelPark.Policy.LearningRate.mean": {
            "value": 0.0003655424543071999,
            "min": 0.0003655424543071999,
            "max": 0.000715904010512,
            "count": 147
        },
        "ParallelPark.Policy.LearningRate.sum": {
            "value": 0.0003655424543071999,
            "min": 0.0003655424543071999,
            "max": 0.000715904010512,
            "count": 147
        },
        "ParallelPark.Policy.Epsilon.mean": {
            "value": 0.14569280000000007,
            "min": 0.14569280000000007,
            "max": 0.18948800000000007,
            "count": 147
        },
        "ParallelPark.Policy.Epsilon.sum": {
            "value": 0.14569280000000007,
            "min": 0.14569280000000007,
            "max": 0.18948800000000007,
            "count": 147
        },
        "ParallelPark.Policy.Beta.mean": {
            "value": 0.002290070720000001,
            "min": 0.002290070720000001,
            "max": 0.004475451199999999,
            "count": 147
        },
        "ParallelPark.Policy.Beta.sum": {
            "value": 0.002290070720000001,
            "min": 0.002290070720000001,
            "max": 0.004475451199999999,
            "count": 147
        },
        "ParallelPark.Losses.CuriosityForwardLoss.mean": {
            "value": 0.3332688904234341,
            "min": 0.006655570771545172,
            "max": 0.5659558999538422,
            "count": 147
        },
        "ParallelPark.Losses.CuriosityForwardLoss.sum": {
            "value": 0.3332688904234341,
            "min": 0.006655570771545172,
            "max": 0.5659558999538422,
            "count": 147
        },
        "ParallelPark.Losses.CuriosityInverseLoss.mean": {
            "value": 3.020324431146894,
            "min": 2.342986017862956,
            "max": 8.5600794951121,
            "count": 147
        },
        "ParallelPark.Losses.CuriosityInverseLoss.sum": {
            "value": 3.020324431146894,
            "min": 2.342986017862956,
            "max": 8.5600794951121,
            "count": 147
        },
        "ParallelPark.Environment.EpisodeLength.mean": {
            "value": 4999.0,
            "min": 4999.0,
            "max": 4999.0,
            "count": 88
        },
        "ParallelPark.Environment.EpisodeLength.sum": {
            "value": 49990.0,
            "min": 49990.0,
            "max": 49990.0,
            "count": 88
        },
        "ParallelPark.Environment.CumulativeReward.mean": {
            "value": -17.57195058465004,
            "min": -78.42442765831947,
            "max": 11.780694499611855,
            "count": 132
        },
        "ParallelPark.Environment.CumulativeReward.sum": {
            "value": -17.57195058465004,
            "min": -364.16581944935024,
            "max": 42.95839184336364,
            "count": 132
        },
        "ParallelPark.Policy.ExtrinsicReward.mean": {
            "value": -17.57195058465004,
            "min": -78.42442765831947,
            "max": 11.780694499611855,
            "count": 132
        },
        "ParallelPark.Policy.ExtrinsicReward.sum": {
            "value": -17.57195058465004,
            "min": -364.16581944935024,
            "max": 42.95839184336364,
            "count": 132
        },
        "ParallelPark.Policy.CuriosityReward.mean": {
            "value": 358.94909477233887,
            "min": 3.448661905527115,
            "max": 611.4763717651367,
            "count": 132
        },
        "ParallelPark.Policy.CuriosityReward.sum": {
            "value": 358.94909477233887,
            "min": 17.7009516954422,
            "max": 5920.547567367554,
            "count": 132
        }
    },
    "metadata": {
        "timer_format_version": "0.1.0",
        "start_time_seconds": "1684098828",
        "python_version": "3.9.16 (main, Mar  8 2023, 10:39:24) [MSC v.1916 64 bit (AMD64)]",
        "command_line_arguments": "C:\\Users\\iancz\\.conda\\envs\\unity\\Scripts\\mlagents-learn trainer_strong_curiosity.yaml --run-id=simple_curiosity_2 --resume",
        "mlagents_version": "0.30.0",
        "mlagents_envs_version": "0.30.0",
        "communication_protocol_version": "1.5.0",
        "pytorch_version": "2.0.1",
        "numpy_version": "1.21.2",
        "end_time_seconds": "1684104361"
    },
    "total": 5533.0302006,
    "count": 1,
    "self": 0.011070700000345823,
    "children": {
        "run_training.setup": {
            "total": 0.06912569999999985,
            "count": 1,
            "self": 0.06912569999999985
        },
        "TrainerController.start_learning": {
            "total": 5532.9500042,
            "count": 1,
            "self": 9.13658060002399,
            "children": {
                "TrainerController._reset_env": {
                    "total": 8.172035300000001,
                    "count": 1,
                    "self": 8.172035300000001
                },
                "TrainerController.advance": {
                    "total": 5515.401853899976,
                    "count": 442601,
                    "self": 3.9283980001027885,
                    "children": {
                        "env_step": {
                            "total": 5511.473455899873,