{
    "name": "root",
    "gauges": {
        "ParallelPark.Policy.Entropy.mean": {
            "value": 2.0859897136688232,
            "min": 2.012467861175537,
            "max": 2.1472463607788086,
            "count": 8
        },
        "ParallelPark.Policy.Entropy.sum": {
            "value": 52128.8828125,
            "min": 46239.9609375,
            "max": 57352.33984375,
            "count": 8
        },
        "ParallelPark.Step.mean": {
            "value": 199804.0,
            "min": 24804.0,
            "max": 199804.0,
            "count": 8
        },
        "ParallelPark.Step.sum": {
            "value": 199804.0,
            "min": 24804.0,
            "max": 199804.0,
            "count": 8
        },
        "ParallelPark.Policy.ExtrinsicValueEstimate.mean": {
            "value": 0.04433779790997505,
            "min": -0.08603551238775253,
            "max": 0.34523457288742065,
            "count": 8
        },
        "ParallelPark.Policy.ExtrinsicValueEstimate.sum": {
            "value": 4.433779716491699,
            "min": -8.603550910949707,
            "max": 34.52345657348633,
            "count": 8
        },
        "ParallelPark.Policy.CuriosityValueEstimate.mean": {
            "value": 1.0781946182250977,
            "min": 0.3674653172492981,
            "max": 1.4043340682983398,
            "count": 8
        },
        "ParallelPark.Policy.CuriosityValueEstimate.sum": {
            "value": 107.81946563720703,
            "min": 36.74653244018555,
            "max": 140.43341064453125,
            "count": 8
        },
        "ParallelPark.Environment.EpisodeLength.mean": {
            "value": 2499.0,
            "min": 2499.0,
            "max": 2499.0,
            "count": 8
        },
        "ParallelPark.Environment.EpisodeLength.sum": {
            "value": 24990.0,
            "min": 24990.0,
            "max": 24990.0,
            "count": 8
        },
        "ParallelPark.Losses.PolicyLoss.mean": {
            "value": 0.02166414444426274,
            "min": 0.02166414444426274,
            "max": 0.0247826938785043,
            "count": 8
        },
        "ParallelPark.Losses.PolicyLoss.sum": {
            "value": 0.04332828888852548,
            "min": 0.04332828888852548,
            "max": 0.07283617828417681,
            "count": 8
        },
        "ParallelPark.Losses.ValueLoss.mean": {
            "value": 0.18332532750708716,
            "min": 0.0013812833385127778,
            "max": 0.18332532750708716,
            "count": 8
        },
        "ParallelPark.Losses.ValueLoss.sum": {
            "value": 0.3666506550141743,
            "min": 0.0027625666770255556,
            "max": 0.3666506550141743,
            "count": 8
        },
        "ParallelPark.Policy.LearningRate.mean": {
            "value": 0.0005896377592864998,
            "min": 0.0005896377592864998,
            "max": 0.0006444327508565001,
            "count": 8
        },
        "ParallelPark.Policy.LearningRate.sum": {
            "value": 0.0011792755185729997,
            "min": 0.0011792755185729997,
            "max": 0.0018402150168900003,
            "count": 8
        },
        "ParallelPark.Policy.Epsilon.mean": {
            "value": 0.19071350000000004,
            "min": 0.19071350000000004,
            "max": 0.1991435,
            "count": 8
        },
        "ParallelPark.Policy.Epsilon.sum": {
            "value": 0.38142700000000007,
            "min": 0.38142700000000007,
            "max": 0.5831100000000001,
            "count": 8
        },
        "ParallelPark.Policy.Beta.mean": {
            "value": 0.00453660365,
            "min": 0.00453660365,
            "max": 0.004957260649999999,
            "count": 8
        },
        "ParallelPark.Policy.Beta.sum": {
            "value": 0.0090732073,
            "min": 0.0090732073,
            "max": 0.014157189,
            "count": 8
        },
        "ParallelPark.Losses.CuriosityForwardLoss.mean": {
            "value": 0.018219266116752154,
            "min": 0.007133355590230603,
            "max": 0.03911437478049525,
            "count": 8
        },
        "ParallelPark.Losses.CuriosityForwardLoss.sum": {
            "value": 0.03643853223350431,
            "min": 0.014266711180461206,
            "max": 0.0782287495609905,
            "count": 8
        },
        "ParallelPark.Losses.CuriosityInverseLoss.mean": {
            "value": 2.7696499722344536,
            "min": 2.6947626199041093,
            "max": 2.9514015973388377,
            "count": 8
        },
        "ParallelPark.Losses.CuriosityInverseLoss.sum": {
            "value": 5.539299944468907,
            "min": 5.3895252398082185,
            "max": 8.278457112745805,
            "count": 8
        },
        "ParallelPark.Environment.CumulativeReward.mean": {
            "value": -11.635070872423238,
            "min": -11.635070872423238,
            "max": 6.850342761073262,
            "count": 8
        },
        "ParallelPark.Environment.CumulativeReward.sum": {
            "value": -116.35070872423239,
            "min": -116.35070872423239,
            "max": 68.50342761073261,
            "count": 8
        },
        "ParallelPark.Policy.ExtrinsicReward.mean": {
            "value": -11.635070872423238,
            "min": -11.635070872423238,
            "max": 6.850342761073262,
            "count": 8
        },
        "ParallelPark.Policy.ExtrinsicReward.sum": {
            "value": -116.35070872423239,
            "min": -116.35070872423239,
            "max": 68.50342761073261,
            "count": 8
        },
        "ParallelPark.Policy.CuriosityReward.mean": {
            "value": 22.075752432644368,
            "min": 4.092734175423781,
            "max": 58.41793153434992,
            "count": 8
        },
        "ParallelPark.Policy.CuriosityReward.sum": {
            "value": 220.75752432644367,
            "min": 36.83460757881403,
            "max": 584.1793153434992,
            "count": 8
        },
        "ParallelPark.IsTraining.mean": {
            "value": 1.0,
            "min": 1.0,
            "max": 1.0,
            "count": 8
        },
        "ParallelPark.IsTraining.sum": {
            "value": 1.0,
            "min": 1.0,
            "max": 1.0,
            "count": 8
        }
    },
    "metadata": {
        "timer_format_version": "0.1.0",
        "start_time_seconds": "1684129455",
        "python_version": "3.9.16 (main, Mar  8 2023, 10:39:24) [MSC v.1916 64 bit (AMD64)]",
        "command_line_arguments": "C:\\Users\\iancz\\.conda\\envs\\unity\\Scripts\\mlagents-learn trainer_medium_curiosity.yaml --run-id=medium_curiosity_encourage_speed_2 --initialize-from=medium_curiosity_1",
        "mlagents_version": "0.30.0",
        "mlagents_envs_version": "0.30.0",
        "communication_protocol_version": "1.5.0",
        "pytorch_version": "2.0.1",
        "numpy_version": "1.21.2",
        "end_time_seconds": "1684130287"
    },
    "total": 832.7133725,
    "count": 1,
    "self": 10.146551000000045,
    "children": {
        "run_training.setup": {
            "total": 0.07455949999999989,
            "count": 1,
            "self": 0.07455949999999989
        },
        "TrainerController.start_learning": {
            "total": 822.492262,
            "count": 1,
            "self": 1.8573331999906486,
            "children": {
                "TrainerController._reset_env": {
                    "total": 27.8326385,
                    "count": 1,
                    "self": 27.8326385
                },
                "TrainerController.advance": {
                    "total": 792.3134544000093,
                    "count": 40817,
                    "self": 0.3929090999984055,
                    "children": {
                        "env_step": {
                            "total": 791.9205453000109,
                            "count": 40817,