{
    "name": "root",
    "gauges": {
        "ParallelPark.Policy.Entropy.mean": {
            "value": 2.0460867881774902,
            "min": 1.9566786289215088,
            "max": 2.3109912872314453,
            "count": 80
        },
        "ParallelPark.Policy.Entropy.sum": {
            "value": 51131.7109375,
            "min": 42988.23046875,
            "max": 63899.30078125,
            "count": 80
        },
        "ParallelPark.Step.mean": {
            "value": 1999804.0,
            "min": 24804.0,
            "max": 1999804.0,
            "count": 80
        },
        "ParallelPark.Step.sum": {
            "value": 1999804.0,
            "min": 24804.0,
            "max": 1999804.0,
            "count": 80
        },
        "ParallelPark.Policy.ExtrinsicValueEstimate.mean": {
            "value": 0.18527808785438538,
            "min": -0.5672759413719177,
            "max": 0.2829514145851135,
            "count": 80
        },
        "ParallelPark.Policy.ExtrinsicValueEstimate.sum": {
            "value": 18.527809143066406,
            "min": -56.72759246826172,
            "max": 28.295141220092773,
            "count": 80
        },
        "ParallelPark.Policy.CuriosityValueEstimate.mean": {
            "value": 2.235651969909668,
            "min": 0.2833041846752167,
            "max": 2.235651969909668,
            "count": 80
        },
        "ParallelPark.Policy.CuriosityValueEstimate.sum": {
            "value": 223.56520080566406,
            "min": 28.330419540405273,
            "max": 223.56520080566406,
            "count": 80
        },
        "ParallelPark.Environment.EpisodeLength.mean": {
            "value": 2499.0,
            "min": 2499.0,
            "max": 2499.0,
            "count": 80
        },
        "ParallelPark.Environment.EpisodeLength.sum": {
            "value": 24990.0,
            "min": 24990.0,
            "max": 24990.0,
            "count": 80
        },
        "ParallelPark.Losses.PolicyLoss.mean": {
            "value": 0.022310098696782785,
            "min": 0.02061477476049082,
            "max": 0.026976523191219064,
            "count": 80
        },
        "ParallelPark.Losses.PolicyLoss.sum": {
            "value": 0.04462019739356557,
            "min": 0.04122954952098164,
            "max": 0.07738691220064148,
            "count": 80
        },
        "ParallelPark.Losses.ValueLoss.mean": {
            "value": 0.3434992540095534,
            "min": 0.0006330987058130891,
            "max": 0.3434992540095534,
            "count": 80
        },
        "ParallelPark.Losses.ValueLoss.sum": {
            "value": 0.6869985080191068,
            "min": 0.0012661974116261782,
            "max": 0.7336047654378821,
            "count": 80
        },
        "ParallelPark.Policy.LearningRate.mean": {
            "value": 4.637849286499966e-06,
            "min": 4.637849286499966e-06,
            "max": 0.0006444327508565001,
            "count": 80
        },
        "ParallelPark.Policy.LearningRate.sum": {
            "value": 9.275698572999931e-06,
            "min": 9.275698572999931e-06,
            "max": 0.0018402150168900003,
            "count": 80
        },
        "ParallelPark.Policy.Epsilon.mean": {
            "value": 0.1007135,
            "min": 0.1007135,
            "max": 0.1991435,
            "count": 80
        },
        "ParallelPark.Policy.Epsilon.sum": {
            "value": 0.201427,
            "min": 0.201427,
            "max": 0.5831100000000001,
            "count": 80
        },
        "ParallelPark.Policy.Beta.mean": {
            "value": 4.560364999999975e-05,
            "min": 4.560364999999975e-05,
            "max": 0.004957260649999999,
            "count": 80
        },
        "ParallelPark.Policy.Beta.sum": {
            "value": 9.12072999999995e-05,
            "min": 9.12072999999995e-05,
            "max": 0.014157189,
            "count": 80
        },
        "ParallelPark.Losses.CuriosityForwardLoss.mean": {
            "value": 0.10969995467790536,
            "min": 0.0037001637492461927,
            "max": 0.12004869181130615,
            "count": 80
        },
        "ParallelPark.Losses.CuriosityForwardLoss.sum": {
            "value": 0.21939990935581072,
            "min": 0.007400327498492385,
            "max": 0.2400973836226123,
            "count": 80
        },
        "ParallelPark.Losses.CuriosityInverseLoss.mean": {
            "value": 3.0139531254768372,
            "min": 2.8298710771969384,
            "max": 3.789570962505423,
            "count": 80
        },
        "ParallelPark.Losses.CuriosityInverseLoss.sum": {
            "value": 6.0279062509536745,
            "min": 5.659742154393877,
            "max": 11.368712887516269,
            "count": 80
        },
        "ParallelPark.Environment.CumulativeReward.mean": {
            "value": 0.5292362127453089,
            "min": -17.39855552241206,
            "max": 12.15250609270297,
            "count": 80
        },
        "ParallelPark.Environment.CumulativeReward.sum": {
            "value": 5.292362127453089,
            "min": -173.98555522412062,
            "max": 121.5250609270297,
            "count": 80
        },
        "ParallelPark.Policy.ExtrinsicReward.mean": {
            "value": 0.5292362127453089,
            "min": -17.39855552241206,
            "max": 12.15250609270297,
            "count": 80
        },
        "ParallelPark.Policy.ExtrinsicReward.sum": {
            "value": 5.292362127453089,
            "min": -173.98555522412062,
            "max": 121.5250609270297,
            "count": 80
        },
        "ParallelPark.Policy.CuriosityReward.mean": {
            "value": 59.67820280045271,
            "min": 2.730561578273773,
            "max": 60.95388816148043,
            "count": 80
        },
        "ParallelPark.Policy.CuriosityReward.sum": {
            "value": 596.7820280045271,
            "min": 27.305615782737732,
            "max": 609.5388816148043,
            "count": 80
        },
        "ParallelPark.IsTraining.mean": {
            "value": 1.0,
            "min": 1.0,
            "max": 1.0,
            "count": 80
        },
        "ParallelPark.IsTraining.sum": {
            "value": 1.0,
            "min": 1.0,
            "max": 1.0,
            "count": 80
        }
    },
    "metadata": {
        "timer_format_version": "0.1.0",
        "start_time_seconds": "1684114112",
        "python_version": "3.9.16 (main, Mar  8 2023, 10:39:24) [MSC v.1916 64 bit (AMD64)]",
        "command_line_arguments": "C:\\Users\\iancz\\.conda\\envs\\unity\\Scripts\\mlagents-learn trainer_medium_curiosity.yaml --run-id=medium_curiosity_encourage_speed_1 --initialize-from=medium_curiosity_1 --force",
        "mlagents_version": "0.30.0",
        "mlagents_envs_version": "0.30.0",
        "communication_protocol_version": "1.5.0",
        "pytorch_version": "2.0.1",
        "numpy_version": "1.21.2",
        "end_time_seconds": "1684121935"
    },
    "total": 7823.023637099999,
    "count": 1,
    "self": 0.015419199999996636,
    "children": {
        "run_training.setup": {
            "total": 0.07041889999999995,
            "count": 1,
            "self": 0.07041889999999995
        },
        "TrainerController.start_learning": {
            "total": 7822.937798999999,
            "count": 1,
            "self": 8.943997300001683,
            "children": {
                "TrainerController._reset_env": {
                    "total": 10.026678800000001,
                    "count": 1,
                    "self": 10.026678800000001
                },
                "TrainerController.advance": {
                    "total": 7803.711950199997,
                    "count": 400257,
                    "self": 3.7224306000871366,
                    "children": {
                        "env_step": {
                            "total": 7799.98951959991,