{
    "name": "root",
    "gauges": {
        "ParallelPark.Policy.Entropy.mean": {
            "value": 1.9129085540771484,
            "min": 1.9129085540771484,
            "max": 2.137906312942505,
            "count": 9
        },
        "ParallelPark.Policy.Entropy.sum": {
            "value": 19129.0859375,
            "min": 19129.0859375,
            "max": 32068.595703125,
            "count": 9
        },
        "ParallelPark.Step.mean": {
            "value": 439995.0,
            "min": 329000.0,
            "max": 439995.0,
            "count": 12
        },
        "ParallelPark.Step.sum": {
            "value": 439995.0,
            "min": 329000.0,
            "max": 439995.0,
            "count": 12
        },
        "ParallelPark.Policy.ExtrinsicValueEstimate.mean": {
            "value": 25.37031364440918,
            "min": 5.177342414855957,
            "max": 63.73646926879883,
            "count": 12
        },
        "ParallelPark.Policy.ExtrinsicValueEstimate.sum": {
            "value": 253.70314025878906,
            "min": 51.7734260559082,
            "max": 637.3646850585938,
            "count": 12
        },
        "ParallelPark.Policy.CuriosityValueEstimate.mean": {
            "value": 42.94648742675781,
            "min": -0.23778416216373444,
            "max": 49.88283157348633,
            "count": 12
        },
        "ParallelPark.Policy.CuriosityValueEstimate.sum": {
            "value": 429.4648742675781,
            "min": -1.8838379383087158,
            "max": 498.82830810546875,
            "count": 12
        },
        "ParallelPark.IsTraining.mean": {
            "value": 1.0,
            "min": 1.0,
            "max": 1.0,
            "count": 12
        },
        "ParallelPark.IsTraining.sum": {
            "value": 1.0,
            "min": 1.0,
            "max": 1.0,
            "count": 12
        },
        "ParallelPark.Losses.PolicyLoss.mean": {
            "value": 0.02996999808826894,
            "min": 0.02347359837481885,
            "max": 0.0577118543719518,
            "count": 7
        },
        "ParallelPark.Losses.PolicyLoss.sum": {
            "value": 0.02996999808826894,
            "min": 0.02347359837481885,
            "max": 0.0577118543719518,
            "count": 7
        },
        "ParallelPark.Losses.ValueLoss.mean": {
            "value": 3.6921840466204143,
            "min": 3.6921840466204143,
            "max": 26.766804354531423,
            "count": 7
        },
        "ParallelPark.Losses.ValueLoss.sum": {
            "value": 3.6921840466204143,
            "min": 3.6921840466204143,
            "max": 26.766804354531423,
            "count": 7
        },
        "ParallelPark.Policy.LearningRate.mean": {
            "value": 0.00023550077149975005,
            "min": 0.00023550077149975005,
            "max": 0.00024900001699999997,
            "count": 7
        },
        "ParallelPark.Policy.LearningRate.sum": {
            "value": 0.00023550077149975005,
            "min": 0.00023550077149975005,
            "max": 0.00024900001699999997,
            "count": 7
        },
        "ParallelPark.Policy.Epsilon.mean": {
            "value": 0.17850025000000003,
            "min": 0.17850025000000003,
            "max": 0.183,
            "count": 7
        },
        "ParallelPark.Policy.Epsilon.sum": {
            "value": 0.17850025000000003,
            "min": 0.17850025000000003,
            "max": 0.183,
            "count": 7
        },
        "ParallelPark.Policy.Beta.mean": {
            "value": 0.003927162475,
            "min": 0.003927162475,
            "max": 0.0041517,
            "count": 7
        },
        "ParallelPark.Policy.Beta.sum": {
            "value": 0.003927162475,
            "min": 0.003927162475,
            "max": 0.0041517,
            "count": 7
        },
        "ParallelPark.Losses.CuriosityForwardLoss.mean": {
            "value": 9.254460212730226,
            "min": 1.5134222450710477,
            "max": 206.01621343975975,
            "count": 7
        },
        "ParallelPark.Losses.CuriosityForwardLoss.sum": {
            "value": 9.254460212730226,
            "min": 1.5134222450710477,
            "max": 206.01621343975975,
            "count": 7
        },
        "ParallelPark.Losses.CuriosityInverseLoss.mean": {
            "value": 3.3098422232128324,
            "min": 2.762158530099051,
            "max": 139.15593940303438,
            "count": 7
        },
        "ParallelPark.Losses.CuriosityInverseLoss.sum": {
            "value": 3.3098422232128324,
            "min": 2.762158530099051,
            "max": 139.15593940303438,
            "count": 7
        },
        "ParallelPark.Environment.EpisodeLength.mean": {
            "value": 4998.0,
            "min": 4998.0,
            "max": 4999.0,
            "count": 2
        },
        "ParallelPark.Environment.EpisodeLength.sum": {
            "value": 24990.0,
            "min": 24990.0,
            "max": 74985.0,
            "count": 2
        },
        "ParallelPark.Environment.CumulativeReward.mean": {
            "value": -0.4997998058795929,
            "min": -0.9999997913837433,
            "max": 1.4999996423721313,
            "count": 4
        },
        "ParallelPark.Environment.CumulativeReward.sum": {
            "value": -2.4989990293979645,
            "min": -4.999999046325684,
            "max": 1.4999996423721313,
            "count": 4
        },
        "ParallelPark.Policy.ExtrinsicReward.mean": {
            "value": -0.4997998058795929,
            "min": -0.9999997913837433,
            "max": 1.4999996423721313,
            "count": 4
        },
        "ParallelPark.Policy.ExtrinsicReward.sum": {
            "value": -2.4989990293979645,
            "min": -4.999999046325684,
            "max": 1.4999996423721313,
            "count": 4
        },
        "ParallelPark.Policy.CuriosityReward.mean": {
            "value": 2029.5381733894349,
            "min": 40.48048114776611,
            "max": 3983.4452056884766,
            "count": 4
        },
        "ParallelPark.Policy.CuriosityReward.sum": {
            "value": 10147.690866947174,
            "min": 40.48048114776611,
            "max": 31928.752773284912,
            "count": 4
        }
    },
    "metadata": {
        "timer_format_version": "0.1.0",
        "start_time_seconds": "1684091383",
        "python_version": "3.9.16 (main, Mar  8 2023, 10:39:24) [MSC v.1916 64 bit (AMD64)]",
        "command_line_arguments": "C:\\Users\\iancz\\.conda\\envs\\unity\\Scripts\\mlagents-learn trainer_strong_curiosity.yaml --run-id=run1 --resume",
        "mlagents_version": "0.30.0",
        "mlagents_envs_version": "0.30.0",
        "communication_protocol_version": "1.5.0",
        "pytorch_version": "2.0.1",
        "numpy_version": "1.21.2",
        "end_time_seconds": "1684091771"
    },
    "total": 388.223569,
    "count": 1,
    "self": 0.006907899999987421,
    "children": {
        "run_training.setup": {
            "total": 0.06943060000000001,
            "count": 1,
            "self": 0.06943060000000001
        },
        "TrainerController.start_learning": {
            "total": 388.14723050000003,
            "count": 1,
            "self": 0.2597516999985032,
            "children": {
                "TrainerController._reset_env": {
                    "total": 16.873929699999998,
                    "count": 1,
                    "self": 16.873929699999998
                },
                "TrainerController.advance": {
                    "total": 370.70578200000153,
                    "count": 15517,
                    "self": 0.22461290000484269,
                    "children": {
                        "env_step": {
                            "total": 260.95111779999655,
                            "count": 15517,
                            "self": 197.38082419999512,