{
    "name": "root",
    "gauges": {
        "ParallelPark.Policy.Entropy.mean": {
            "value": 1.528301477432251,
            "min": 1.528301477432251,
            "max": 2.159632921218872,
            "count": 34
        },
        "ParallelPark.Policy.Entropy.sum": {
            "value": 37932.44140625,
            "min": 34654.0703125,
            "max": 58202.91796875,
            "count": 34
        },
        "ParallelPark.Step.mean": {
            "value": 849939.0,
            "min": 24756.0,
            "max": 849939.0,
            "count": 34
        },
        "ParallelPark.Step.sum": {
            "value": 849939.0,
            "min": 24756.0,
            "max": 849939.0,
            "count": 34
        },
        "ParallelPark.Policy.ExtrinsicValueEstimate.mean": {
            "value": -4.957256317138672,
            "min": -4.9912004470825195,
            "max": 0.01131056621670723,
            "count": 34
        },
        "ParallelPark.Policy.ExtrinsicValueEstimate.sum": {
            "value": -867.5198364257812,
            "min": -933.3544921875,
            "max": 1.1197460889816284,
            "count": 34
        },
        "ParallelPark.Policy.CuriosityValueEstimate.mean": {
            "value": 20.878211975097656,
            "min": 0.46968403458595276,
            "max": 21.50364112854004,
            "count": 34
        },
        "ParallelPark.Policy.CuriosityValueEstimate.sum": {
            "value": 3653.68701171875,
            "min": 46.49871826171875,
            "max": 3949.25439453125,
            "count": 34
        },
        "ParallelPark.Environment.EpisodeLength.mean": {
            "value": 181.73722627737226,
            "min": 164.88815789473685,
            "max": 499.0,
            "count": 34
        },
        "ParallelPark.Environment.EpisodeLength.sum": {
            "value": 24898.0,
            "min": 21005.0,
            "max": 27964.0,
            "count": 34
        },
        "ParallelPark.Environment.CumulativeReward.mean": {
            "value": -6.79238959059228,
            "min": -12.650454248775516,
            "max": -0.18367341039132098,
            "count": 34
        },
        "ParallelPark.Environment.CumulativeReward.sum": {
            "value": -930.5573739111423,
            "min": -1140.628408998251,
            "max": -8.999997109174728,
            "count": 34
        },
        "ParallelPark.Policy.ExtrinsicReward.mean": {
            "value": -6.79238959059228,
            "min": -12.650454248775516,
            "max": -0.18367341039132098,
            "count": 34
        },
        "ParallelPark.Policy.ExtrinsicReward.sum": {
            "value": -930.5573739111423,
            "min": -1140.628408998251,
            "max": -8.999997109174728,
            "count": 34
        },
        "ParallelPark.Policy.CuriosityReward.mean": {
            "value": 20.70477069957848,
            "min": 2.7379114068284327,
            "max": 48.55955928830958,
            "count": 34
        },
        "ParallelPark.Policy.CuriosityReward.sum": {
            "value": 2836.553585842252,
            "min": 134.1576589345932,
            "max": 3406.449273109436,
            "count": 34
        },
        "ParallelPark.Losses.PolicyLoss.mean": {
            "value": 0.02540578898291902,
            "min": 0.021647547438572345,
            "max": 0.026896196988686175,
            "count": 34
        },
        "ParallelPark.Losses.PolicyLoss.sum": {
            "value": 0.05081157796583804,
            "min": 0.045365745469046356,
            "max": 0.08068859096605853,
            "count": 34
        },
        "ParallelPark.Losses.ValueLoss.mean": {
            "value": 1.3325265335185188,
            "min": 0.02288537782604818,
            "max": 1.7486540470804488,
            "count": 34
        },
        "ParallelPark.Losses.ValueLoss.sum": {
            "value": 2.6650530670370376,
            "min": 0.04577075565209636,
            "max": 5.245962141241346,
            "count": 34
        },
        "ParallelPark.Policy.LearningRate.mean": {
            "value": 0.000377702041892,
            "min": 0.000377702041892,
            "max": 0.0006445107508444999,
            "count": 34
        },
        "ParallelPark.Policy.LearningRate.sum": {
            "value": 0.000755404083784,
            "min": 0.000755404083784,
            "max": 0.00186655658783745,
            "count": 34
        },
        "ParallelPark.Policy.Epsilon.mean": {
            "value": 0.15810800000000003,
            "min": 0.15810800000000003,
            "max": 0.19915549999999999,
            "count": 34
        },
        "ParallelPark.Policy.Epsilon.sum": {
            "value": 0.31621600000000005,
            "min": 0.31621600000000005,
            "max": 0.5871625500000001,
            "count": 34
        },
        "ParallelPark.Policy.Beta.mean": {
            "value": 0.0029095891999999994,
            "min": 0.0029095891999999994,
            "max": 0.00495785945,
            "count": 34
        },
        "ParallelPark.Policy.Beta.sum": {
            "value": 0.005819178399999999,
            "min": 0.005819178399999999,
            "max": 0.014359411245000002,
            "count": 34
        },
        "ParallelPark.Losses.CuriosityForwardLoss.mean": {
            "value": 0.37725722853626525,
            "min": 0.02069971762210518,
            "max": 0.45602936020919255,
            "count": 34
        },
        "ParallelPark.Losses.CuriosityForwardLoss.sum": {
            "value": 0.7545144570725305,
            "min": 0.04139943524421036,
            "max": 1.3680880806275777,
            "count": 34
        },
        "ParallelPark.Losses.CuriosityInverseLoss.mean": {
            "value": 1.5133480378559656,
            "min": 1.5133480378559656,
            "max": 2.9192760806579097,
            "count": 34
        },
        "ParallelPark.Losses.CuriosityInverseLoss.sum": {
            "value": 3.026696075711931,
            "min": 3.026696075711931,
            "max": 8.334137521471295,
            "count": 34
        },
        "ParallelPark.IsTraining.mean": {
            "value": 1.0,
            "min": 1.0,
            "max": 1.0,
            "count": 34
        },
        "ParallelPark.IsTraining.sum": {
            "value": 1.0,
            "min": 1.0,
            "max": 1.0,
            "count": 34
        }
    },
    "metadata": {
        "timer_format_version": "0.1.0",
        "start_time_seconds": "1684135975",
        "python_version": "3.9.16 (main, Mar  8 2023, 10:39:24) [MSC v.1916 64 bit (AMD64)]",
        "command_line_arguments": "C:\\Users\\iancz\\.conda\\envs\\unity\\Scripts\\mlagents-learn trainer_medium_curiosity_imitation.yaml --run-id=medium_curiosity_imitation_1 --initialize-from=medium_curiosity_1 --force",
        "mlagents_version": "0.30.0",
        "mlagents_envs_version": "0.30.0",
        "communication_protocol_version": "1.5.0",
        "pytorch_version": "2.0.1",
        "numpy_version": "1.21.2",
        "end_time_seconds": "1684140105"
    },
    "total": 4129.8667464,
    "count": 1,
    "self": 10.027940599999965,
    "children": {
        "run_training.setup": {
            "total": 0.07957860000000005,
            "count": 1,
            "self": 0.07957860000000005
        },
        "TrainerController.start_learning": {
            "total": 4119.7592272,
            "count": 1,
            "self": 4.874055399889585,
            "children": {
                "TrainerController._reset_env": {
                    "total": 41.0012261,
                    "count": 1,
                    "self": 41.0012261
                },
                "TrainerController.advance": {
                    "total": 4073.483632900111,
                    "count": 172994,
                    "self": 1.8023625000591892,
                    "children": {
                        "env_step": {
                            "total": 4071.6812704000517,