{
    "name": "root",
    "gauges": {
        "ParallelPark.Policy.Entropy.mean": {
            "value": 1.8448302745819092,
            "min": 1.8448302745819092,
            "max": 2.083768844604492,
            "count": 4
        },
        "ParallelPark.Policy.Entropy.sum": {
            "value": 18448.302734375,
            "min": 18448.302734375,
            "max": 20837.6875,
            "count": 4
        },
        "ParallelPark.Step.mean": {
            "value": 39000.0,
            "min": 9000.0,
            "max": 39000.0,
            "count": 4
        },
        "ParallelPark.Step.sum": {
            "value": 39000.0,
            "min": 9000.0,
            "max": 39000.0,
            "count": 4
        },
        "ParallelPark.Policy.ExtrinsicValueEstimate.mean": {
            "value": -1.7654606103897095,
            "min": -1.7654606103897095,
            "max": -0.4210135042667389,
            "count": 4
        },
        "ParallelPark.Policy.ExtrinsicValueEstimate.sum": {
            "value": -17.654605865478516,
            "min": -17.654605865478516,
            "max": -3.789121627807617,
            "count": 4
        },
        "ParallelPark.Policy.CuriosityValueEstimate.mean": {
            "value": -5.437020301818848,
            "min": -13.764083862304688,
            "max": -3.6042001247406006,
            "count": 4
        },
        "ParallelPark.Policy.CuriosityValueEstimate.sum": {
            "value": -54.37020492553711,
            "min": -137.64083862304688,
            "max": -32.437801361083984,
            "count": 4
        },
        "ParallelPark.Policy.GailValueEstimate.mean": {
            "value": 4.598531246185303,
            "min": -3.2727439403533936,
            "max": 4.598531246185303,
            "count": 4
        },
        "ParallelPark.Policy.GailValueEstimate.sum": {
            "value": 45.985313415527344,
            "min": -32.727439880371094,
            "max": 45.985313415527344,
            "count": 4
        },
        "ParallelPark.IsTraining.mean": {
            "value": 1.0,
            "min": 1.0,
            "max": 1.0,
            "count": 4
        },
        "ParallelPark.IsTraining.sum": {
            "value": 1.0,
            "min": 1.0,
            "max": 1.0,
            "count": 4
        },
        "ParallelPark.Losses.PolicyLoss.mean": {
            "value": 0.031648744659919646,
            "min": 0.031081846742641313,
            "max": 0.031648744659919646,
            "count": 2
        },
        "ParallelPark.Losses.PolicyLoss.sum": {
            "value": 0.031648744659919646,
            "min": 0.031081846742641313,
            "max": 0.031648744659919646,
            "count": 2
        },
        "ParallelPark.Losses.ValueLoss.mean": {
            "value": 21.49390826054982,
            "min": 4.402366766972201,
            "max": 21.49390826054982,
            "count": 2
        },
        "ParallelPark.Losses.ValueLoss.sum": {
            "value": 21.49390826054982,
            "min": 4.402366766972201,
            "max": 21.49390826054982,
            "count": 2
        },
        "ParallelPark.Policy.LearningRate.mean": {
            "value": 0.00029550000149999997,
            "min": 0.00029550000149999997,
            "max": 0.00029775000075,
            "count": 2
        },
        "ParallelPark.Policy.LearningRate.sum": {
            "value": 0.00029550000149999997,
            "min": 0.00029550000149999997,
            "max": 0.00029775000075,
            "count": 2
        },
        "ParallelPark.Policy.Epsilon.mean": {
            "value": 0.19849999999999998,
            "min": 0.19849999999999998,
            "max": 0.19924999999999998,
            "count": 2
        },
        "ParallelPark.Policy.Epsilon.sum": {
            "value": 0.19849999999999998,
            "min": 0.19849999999999998,
            "max": 0.19924999999999998,
            "count": 2
        },
        "ParallelPark.Policy.Beta.mean": {
            "value": 0.004925149999999999,
            "min": 0.004925149999999999,
            "max": 0.004962575,
            "count": 2
        },
        "ParallelPark.Policy.Beta.sum": {
            "value": 0.004925149999999999,
            "min": 0.004925149999999999,
            "max": 0.004962575,
            "count": 2
        },
        "ParallelPark.Losses.CuriosityForwardLoss.mean": {
            "value": 12.35158391793569,
            "min": 12.35158391793569,
            "max": 230.8838510740371,
            "count": 2
        },
        "ParallelPark.Losses.CuriosityForwardLoss.sum": {
            "value": 12.35158391793569,
            "min": 12.35158391793569,
            "max": 230.8838510740371,
            "count": 2
        },
        "ParallelPark.Losses.CuriosityInverseLoss.mean": {
            "value": 2.5405104273841497,
            "min": 2.5405104273841497,
            "max": 2.869660576184591,
            "count": 2
        },
        "ParallelPark.Losses.CuriosityInverseLoss.sum": {
            "value": 2.5405104273841497,
            "min": 2.5405104273841497,
            "max": 2.869660576184591,
            "count": 2
        },
        "ParallelPark.Policy.GAILPolicyEstimate.mean": {
            "value": 0.09321785567417032,
            "min": 0.09321785567417032,
            "max": 0.1898854005017451,
            "count": 2
        },
        "ParallelPark.Policy.GAILPolicyEstimate.sum": {
            "value": 0.09321785567417032,
            "min": 0.09321785567417032,
            "max": 0.1898854005017451,
            "count": 2
        },
        "ParallelPark.Policy.GAILExpertEstimate.mean": {
            "value": 0.913994156178974,
            "min": 0.7358991305033366,
            "max": 0.913994156178974,
            "count": 2
        },
        "ParallelPark.Policy.GAILExpertEstimate.sum": {
            "value": 0.913994156178974,
            "min": 0.7358991305033366,
            "max": 0.913994156178974,
            "count": 2
        },
        "ParallelPark.Losses.GAILLoss.mean": {
            "value": 0.27826866117261706,
            "min": 0.27826866117261706,
            "max": 0.5757474966702008,
            "count": 2
        },
        "ParallelPark.Losses.GAILLoss.sum": {
            "value": 0.27826866117261706,
            "min": 0.27826866117261706,
            "max": 0.5757474966702008,
            "count": 2
        },
        "ParallelPark.Policy.GAILGradMagLoss.mean": {
            "value": 3.062807256267184,
            "min": 3.062807256267184,
            "max": 8.271460272016979,
            "count": 2
        },
        "ParallelPark.Policy.GAILGradMagLoss.sum": {
            "value": 3.062807256267184,
            "min": 3.062807256267184,
            "max": 8.271460272016979,
            "count": 2
        },
        "ParallelPark.Environment.EpisodeLength.mean": {
            "value": 4999.0,
            "min": 4999.0,
            "max": 4999.0,
            "count": 1
        },
        "ParallelPark.Environment.EpisodeLength.sum": {
            "value": 24995.0,
            "min": 24995.0,
            "max": 24995.0,
            "count": 1
        },
        "ParallelPark.Environment.CumulativeReward.mean": {
            "value": -0.4999999046325684,
            "min": -0.4999999046325684,
            "max": -0.4999999046325684,
            "count": 1
        },
        "ParallelPark.Environment.CumulativeReward.sum": {
            "value": -2.499999523162842,
            "min": -2.499999523162842,
            "max": -2.499999523162842,
            "count": 1
        },
        "ParallelPark.Policy.ExtrinsicReward.mean": {
            "value": -0.4999999046325684,
            "min": -0.4999999046325684,
            "max": -0.4999999046325684,
            "count": 1
        },
        "ParallelPark.Policy.ExtrinsicReward.sum": {
            "value": -2.499999523162842,
            "min": -2.499999523162842,
            "max": -2.499999523162842,